﻿<?xml version="1.0" encoding="utf-8"?>
<deployment>
  <id>552c5eafb28549cd861ff775cc6d9ad6</id>
  <author>N/A</author>
  <deployer>ZipDeploy</deployer>
  <authorEmail>N/A</authorEmail>
  <message>Created via a push deployment</message>
  <progress></progress>
  <status>Success</status>
  <statusText></statusText>
  <lastSuccessEndTime>2025-09-04T22:20:18.8551564Z</lastSuccessEndTime>
  <receivedTime>2025-09-04T22:20:14.0514606Z</receivedTime>
  <startTime>2025-09-04T22:20:14.1608304Z</startTime>
  <endTime>2025-09-04T22:20:18.8551564Z</endTime>
  <complete>True</complete>
  <is_temp>False</is_temp>
  <is_readonly>True</is_readonly>
  <project_type>BASIC</project_type>
  <vsproject_id></vsproject_id>
</deployment>