{"TimeStamp":"2025-09-04T22:20:18Z","SiteName":"app-bl-pstn3hojje7gu","RequestId":"32831019-4034-a019-1353-ca044538a092","Kind":"ZipDeploy","Status":"Success","Details":"{\"Id\":\"552c5eafb28549cd861ff775cc6d9ad6\",\"Status\":4,\"StatusText\":\"\",\"AuthorEmail\":\"N/A\",\"Author\":\"N/A\",\"Message\":\"Created via a push deployment\",\"Progress\":\"\",\"Deployer\":\"ZipDeploy\",\"ReceivedTime\":\"2025-09-04T22:20:14.0514606Z\",\"StartTime\":\"2025-09-04T22:20:14.1608304Z\",\"EndTime\":\"2025-09-04T22:20:18.8551564Z\",\"LastSuccessEndTime\":\"2025-09-04T22:20:18.8551564Z\",\"Complete\":true,\"IsTemporary\":false,\"IsReadOnly\":true,\"SiteName\":\"app-bl-pstn3hojje7gu\",\"HostName\":\"app-bl-pstn3hojje7gu.scm.azurewebsites.net\",\"ProjectType\":\"BASIC\",\"VsProjectId\":null}"}