<step title="Incoming Request" date="2025-09-04T22:19:51.232" instance="92ca53" url="/api/zipdeploy?isAsync=true" method="POST" type="request" pid="11436,2,8" Connection="Keep-Alive" Content-Length="37817586" Content-Type="application/octet-stream" Accept="application/json" Accept-Encoding="gzip" Authorization="Bea..." Host="app-bl-pstn3hojje7gu.scm.azurewebsites.net" User-Agent="azsdk-go-zip-deploy/1.0.0 (go1.24.0 X:loopvar; Windows_NT),azdev/1.18.0 (Go go1.24.0 X:loopvar; windows/amd64)" X-Ms-Correlation-Request-Id="328310194034a0191353ca044538a092" X-ARR-LOG-ID="32831019-4034-a019-1353-ca044538a092" CLIENT-IP="118.179.47.1:51137" X-SITE-DEPLOYMENT-ID="app-bl-pstn3hojje7gu" WAS-DEFAULT-HOSTNAME="app-bl-pstn3hojje7gu.scm.azurewebsites.net" X-Forwarded-Proto="https" X-AppService-Proto="https" X-Forwarded-TlsVersion="1.3" X-WAWS-Unencoded-URL="/api/zipdeploy?isAsync=true" X-MS-COLDSTART="1" >
  <step title="ZipPushDeploy" date="2025-09-04T22:19:51.435" >
    <step title="ZipDeploy. Extract zip. " date="2025-09-04T22:19:51.451" /><!-- duration: 0ms -->
    <step title="Starting PushDeployAsync" date="2025-09-04T22:19:51.466" /><!-- duration: 0ms -->
    <step title="Updating shutdown sentinel last write time" date="2025-09-04T22:19:51.498" SemaphoreCount="7" /><!-- duration: 16ms -->
    <step title="LockFile &apos;C:\home\site\locks\deployments.lock&apos; acquired" date="2025-09-04T22:19:51.513" /><!-- duration: 0ms -->
    <step title="Saving request content to C:\local\Temp\zipdeploy\pv0sydow.zip" date="2025-09-04T22:19:51.513" >
      <step title="Total 37,817,586 bytes written to C:\local\Temp\zipdeploy\pv0sydow.zip" date="2025-09-04T22:20:12.519" /><!-- duration: 16ms -->
    </step><!-- duration: 21022ms -->
    <step title="LockFile &apos;C:\home\site\locks\deployments.lock&apos; released" date="2025-09-04T22:20:12.535" /><!-- duration: 0ms -->
    <step title="Deleting shutdown sentinel file" date="2025-09-04T22:20:12.550" SemaphoreCount="8" /><!-- duration: 0ms -->
    <step title="Starting FetchDeploy" date="2025-09-04T22:20:12.550" /><!-- duration: 17ms -->
    <step title="Start deployment in the background" date="2025-09-04T22:20:12.567" /><!-- duration: 62ms -->
  </step><!-- duration: 21210ms -->
  <step title="Outgoing response" date="2025-09-04T22:20:12.660" type="response" statusCode="202" statusText="Accepted" Server="Microsoft-IIS/10.0" x-ms-request-id="32831019-4034-a019-1353-ca044538a092" Retry-After="30" Cache-Control="private" X-AspNet-Version="4.0.30319" Location="https://app-bl-pstn3hojje7gu.scm.azurewebsites.net/api/deployments/latest?deployer=ZipDeploy&amp;time=2025-09-04_22-20-12Z" /><!-- duration: 0ms -->
</step><!-- duration: 21428ms -->
