<step title="BackgroundTrace" date="2025-09-04T22:20:12.567" instance="92ca53" url="/api/zipdeploy" method="POST" >
  <step title="Cleanup Xml Logs" date="2025-09-04T22:20:12.582" /><!-- duration: 0ms -->
  <step title="Updating shutdown sentinel last write time" date="2025-09-04T22:20:12.598" SemaphoreCount="7" /><!-- duration: 0ms -->
  <step title="LockFile &apos;C:\home\site\locks\deployments.lock&apos; acquired" date="2025-09-04T22:20:12.598" /><!-- duration: 16ms -->
  <step title="Creating temporary deployment" date="2025-09-04T22:20:12.613" /><!-- duration: 16ms -->
  <step title="Performing fetch based deployment" date="2025-09-04T22:20:12.645" >
    <step title="Fetching changes." date="2025-09-04T22:20:12.692" /><!-- duration: 0ms -->
    <step title="Starting LocalZipHandler" date="2025-09-04T22:20:12.707" /><!-- duration: 0ms -->
    <step title="Cleaning up temp folders from previous zip deployments and extracting pushed zip file C:\local\Temp\zipdeploy\pv0sydow.zip (36.07 MB) to C:\local\Temp\zipdeploy\extracted" date="2025-09-04T22:20:12.723" /><!-- duration: 0ms -->
    <step title="Cleaning up temp folders from previous zip deployments and extracting pushed zip file C:\local\Temp\zipdeploy\pv0sydow.zip (36.07 MB) to C:\local\Temp\zipdeploy\extracted" date="2025-09-04T22:20:12.738" >
      <step title="Extracting 523 entries to C:\local\Temp\zipdeploy\extracted directory" date="2025-09-04T22:20:12.738" >
        <step title="Extracting to C:\local\Temp\zipdeploy\extracted\BrightLifeIMS.Web.deps.json ..." date="2025-09-04T22:20:12.738" /><!-- duration: 16ms -->
        <step title="Extracting to C:\local\Temp\zipdeploy\extracted\BrightLifeIMS.Web.dll ..." date="2025-09-04T22:20:12.754" /><!-- duration: 0ms -->
        <step title="Extracting to C:\local\Temp\zipdeploy\extracted\BrightLifeIMS.Web.exe ..." date="2025-09-04T22:20:12.754" /><!-- duration: 16ms -->
        <step title="Extracting to C:\local\Temp\zipdeploy\extracted\BrightLifeIMS.Web.pdb ..." date="2025-09-04T22:20:12.770" /><!-- duration: 0ms -->
        <step title="Extracting to C:\local\Temp\zipdeploy\extracted\BrightLifeIMS.Web.runtimeconfig.json ..." date="2025-09-04T22:20:12.770" /><!-- duration: 16ms -->
        <step title="Omitting extracting file traces ..." date="2025-09-04T22:20:12.785" /><!-- duration: 16ms -->
        <step title="Extracting to C:\local\Temp\zipdeploy\extracted\zh-Hant\Microsoft.CodeAnalysis.CSharp.Workspaces.resources.dll ..." date="2025-09-04T22:20:13.973" /><!-- duration: 0ms -->
        <step title="Extracting to C:\local\Temp\zipdeploy\extracted\zh-Hant\Microsoft.CodeAnalysis.CSharp.resources.dll ..." date="2025-09-04T22:20:13.973" /><!-- duration: 16ms -->
        <step title="Extracting to C:\local\Temp\zipdeploy\extracted\zh-Hant\Microsoft.CodeAnalysis.Workspaces.MSBuild.BuildHost.resources.dll ..." date="2025-09-04T22:20:13.988" /><!-- duration: 0ms -->
        <step title="Extracting to C:\local\Temp\zipdeploy\extracted\zh-Hant\Microsoft.CodeAnalysis.Workspaces.resources.dll ..." date="2025-09-04T22:20:13.988" /><!-- duration: 16ms -->
        <step title="Extracting to C:\local\Temp\zipdeploy\extracted\zh-Hant\Microsoft.CodeAnalysis.resources.dll ..." date="2025-09-04T22:20:14.004" /><!-- duration: 0ms -->
      </step><!-- duration: 1281ms -->
    </step><!-- duration: 1281ms -->
    <step title="Before sending BuildRequestReceived status to /api/updatedeploystatus" date="2025-09-04T22:20:14.020" /><!-- duration: 16ms -->
    <step title="DeploymentManager.Deploy(id:552c5eafb28549cd861ff775cc6d9ad6)" date="2025-09-04T22:20:14.035" >
      <step title="Collecting changeset information" date="2025-09-04T22:20:14.051" /><!-- duration: 16ms -->
      <step title="Updating submodules" date="2025-09-04T22:20:14.067" >
        <step title="Updating submodules." date="2025-09-04T22:20:14.098" /><!-- duration: 0ms -->
      </step><!-- duration: 31ms -->
      <step title="Preparing deployment for commit id &apos;552c5eafb2&apos;." date="2025-09-04T22:20:14.145" /><!-- duration: 0ms -->
      <step title="Determining deployment builder" date="2025-09-04T22:20:14.160" >
        <step title="Builder is BasicBuilder" date="2025-09-04T22:20:14.176" /><!-- duration: 0ms -->
      </step><!-- duration: 16ms -->
      <step title="Copying SSH keys" date="2025-09-04T22:20:14.192" /><!-- duration: 0ms -->
      <step title="Building" date="2025-09-04T22:20:14.192" >
        <step title="Generating deployment script." date="2025-09-04T22:20:14.223" /><!-- duration: 0ms -->
        <step title="Generating deployment script" date="2025-09-04T22:20:14.238" >
          <step title="Using the following command to generate deployment script: &apos;azure site deploymentscript -y --no-dot-deployment -r &quot;C:\local\Temp\zipdeploy\extracted&quot; -o &quot;C:\home\site\deployments\tools&quot; --basic --sitePath &quot;C:\local\Temp\zipdeploy\extracted&quot;&apos;." date="2025-09-04T22:20:14.301" /><!-- duration: 0ms -->
          <step title="Executing external process" date="2025-09-04T22:20:14.317" type="process" path="starter.cmd" arguments="&quot;C:\Program Files (x86)\SiteExtensions\Kudu\2025.06.2.6\bin\node_modules\.bin\kuduscript.cmd&quot; -y --no-dot-deployment -r &quot;C:\local\Temp\zipdeploy\extracted&quot; -o &quot;C:\home\site\deployments\tools&quot; --basic --sitePath &quot;C:\local\Temp\zipdeploy\extracted&quot;" >
            <step title="Generating deployment script for Web Site" date="2025-09-04T22:20:14.442" /><!-- duration: 0ms -->
            <step title="Generated deployment script files" date="2025-09-04T22:20:14.442" /><!-- duration: 0ms -->
          </step><!-- duration: 141ms -->
          <step title="Saved cached version of the deployment script for command -y --no-dot-deployment -r &quot;C:\local\Temp\zipdeploy\extracted&quot; -o &quot;C:\home\site\deployments\tools&quot; --basic --sitePath &quot;C:\local\Temp\zipdeploy\extracted&quot;" date="2025-09-04T22:20:14.457" /><!-- duration: 16ms -->
        </step><!-- duration: 234ms -->
        <step title="Running deployment command..." date="2025-09-04T22:20:14.520" /><!-- duration: 0ms -->
        <step title="Command: &quot;C:\home\site\deployments\tools\deploy.cmd&quot;" date="2025-09-04T22:20:14.520" /><!-- duration: 16ms -->
        <step title="Executing external process" date="2025-09-04T22:20:14.535" type="process" path="starter.cmd" arguments="&quot;C:\home\site\deployments\tools\deploy.cmd&quot;" >
          <step title="Handling Basic Web Site deployment." date="2025-09-04T22:20:14.645" /><!-- duration: 0ms -->
          <step title="Creating app_offline.htm" date="2025-09-04T22:20:14.832" /><!-- duration: 0ms -->
          <step title="KuduSync.NET from: &apos;C:\local\Temp\zipdeploy\extracted&apos; to: &apos;C:\home\site\wwwroot&apos;" date="2025-09-04T22:20:14.848" /><!-- duration: 16ms -->
          <step title="Deleting file: &apos;hostingstart.html&apos;" date="2025-09-04T22:20:14.863" /><!-- duration: 16ms -->
          <step title="Copying file: &apos;app.db&apos;" date="2025-09-04T22:20:14.879" /><!-- duration: 0ms -->
          <step title="Copying file: &apos;appsettings.Development.json&apos;" date="2025-09-04T22:20:14.895" /><!-- duration: 0ms -->
          <step title="Copying file: &apos;appsettings.json&apos;" date="2025-09-04T22:20:14.910" /><!-- duration: 0ms -->
          <step title="Copying file: &apos;appsettings.Production.json&apos;" date="2025-09-04T22:20:14.910" /><!-- duration: 0ms -->
          <step title="Copying file: &apos;BrightLifeIMS.Web.deps.json&apos;" date="2025-09-04T22:20:14.926" /><!-- duration: 0ms -->
          <step title="Copying file: &apos;BrightLifeIMS.Web.dll&apos;" date="2025-09-04T22:20:14.942" /><!-- duration: 0ms -->
          <step title="Copying file: &apos;BrightLifeIMS.Web.exe&apos;" date="2025-09-04T22:20:14.942" /><!-- duration: 0ms -->
          <step title="Copying file: &apos;BrightLifeIMS.Web.pdb&apos;" date="2025-09-04T22:20:14.957" /><!-- duration: 0ms -->
          <step title="Copying file: &apos;BrightLifeIMS.Web.runtimeconfig.json&apos;" date="2025-09-04T22:20:14.973" /><!-- duration: 0ms -->
          <step title="Copying file: &apos;BrightLifeIMS.Web.staticwebassets.endpoints.json&apos;" date="2025-09-04T22:20:14.973" /><!-- duration: 0ms -->
          <step title="Copying file: &apos;Humanizer.dll&apos;" date="2025-09-04T22:20:14.988" /><!-- duration: 0ms -->
          <step title="Copying file: &apos;Microsoft.AspNetCore.Authentication.Google.dll&apos;" date="2025-09-04T22:20:14.988" /><!-- duration: 0ms -->
          <step title="Copying file: &apos;Microsoft.AspNetCore.Cryptography.Internal.dll&apos;" date="2025-09-04T22:20:15.004" /><!-- duration: 0ms -->
          <step title="Copying file: &apos;Microsoft.AspNetCore.Cryptography.KeyDerivation.dll&apos;" date="2025-09-04T22:20:15.004" /><!-- duration: 0ms -->
          <step title="Copying file: &apos;Microsoft.AspNetCore.Diagnostics.EntityFrameworkCore.dll&apos;" date="2025-09-04T22:20:15.020" /><!-- duration: 0ms -->
          <step title="Copying file: &apos;Microsoft.AspNetCore.Identity.EntityFrameworkCore.dll&apos;" date="2025-09-04T22:20:15.035" /><!-- duration: 0ms -->
          <step title="Copying file: &apos;Microsoft.AspNetCore.Identity.UI.dll&apos;" date="2025-09-04T22:20:15.035" /><!-- duration: 16ms -->
          <step title="Copying file: &apos;Microsoft.Bcl.AsyncInterfaces.dll&apos;" date="2025-09-04T22:20:15.051" /><!-- duration: 0ms -->
          <step title="Copying file: &apos;Microsoft.Build.Locator.dll&apos;" date="2025-09-04T22:20:15.067" /><!-- duration: 0ms -->
          <step title="Copying file: &apos;Microsoft.CodeAnalysis.CSharp.dll&apos;" date="2025-09-04T22:20:15.067" /><!-- duration: 16ms -->
          <step title="Copying file: &apos;Microsoft.CodeAnalysis.CSharp.Workspaces.dll&apos;" date="2025-09-04T22:20:15.082" /><!-- duration: 0ms -->
          <step title="Copying file: &apos;Microsoft.CodeAnalysis.dll&apos;" date="2025-09-04T22:20:15.082" /><!-- duration: 16ms -->
          <step title="Copying file: &apos;Microsoft.CodeAnalysis.Workspaces.dll&apos;" date="2025-09-04T22:20:15.098" /><!-- duration: 0ms -->
          <step title="Copying file: &apos;Microsoft.CodeAnalysis.Workspaces.MSBuild.BuildHost.dll&apos;" date="2025-09-04T22:20:15.113" /><!-- duration: 0ms -->
          <step title="Copying file: &apos;Microsoft.CodeAnalysis.Workspaces.MSBuild.dll&apos;" date="2025-09-04T22:20:15.113" /><!-- duration: 0ms -->
          <step title="Copying file: &apos;Microsoft.Data.Sqlite.dll&apos;" date="2025-09-04T22:20:15.129" /><!-- duration: 0ms -->
          <step title="Copying file: &apos;Microsoft.EntityFrameworkCore.Abstractions.dll&apos;" date="2025-09-04T22:20:15.129" /><!-- duration: 0ms -->
          <step title="Copying file: &apos;Microsoft.EntityFrameworkCore.dll&apos;" date="2025-09-04T22:20:15.145" /><!-- duration: 0ms -->
          <step title="Copying file: &apos;Microsoft.EntityFrameworkCore.Relational.dll&apos;" date="2025-09-04T22:20:15.145" /><!-- duration: 0ms -->
          <step title="Copying file: &apos;Microsoft.EntityFrameworkCore.Sqlite.dll&apos;" date="2025-09-04T22:20:15.160" /><!-- duration: 0ms -->
          <step title="Copying file: &apos;Microsoft.Extensions.Caching.Abstractions.dll&apos;" date="2025-09-04T22:20:15.160" /><!-- duration: 16ms -->
          <step title="Copying file: &apos;Microsoft.Extensions.Caching.Memory.dll&apos;" date="2025-09-04T22:20:15.176" /><!-- duration: 0ms -->
          <step title="Copying file: &apos;Microsoft.Extensions.Configuration.Abstractions.dll&apos;" date="2025-09-04T22:20:15.192" /><!-- duration: 0ms -->
          <step title="Copying file: &apos;Microsoft.Extensions.DependencyInjection.Abstractions.dll&apos;" date="2025-09-04T22:20:15.192" /><!-- duration: 0ms -->
          <step title="Copying file: &apos;Microsoft.Extensions.DependencyInjection.dll&apos;" date="2025-09-04T22:20:15.207" /><!-- duration: 0ms -->
          <step title="Copying file: &apos;Microsoft.Extensions.DependencyModel.dll&apos;" date="2025-09-04T22:20:15.207" /><!-- duration: 0ms -->
          <step title="Copying file: &apos;Microsoft.Extensions.FileProviders.Abstractions.dll&apos;" date="2025-09-04T22:20:15.223" /><!-- duration: 0ms -->
          <step title="Copying file: &apos;Microsoft.Extensions.FileProviders.Embedded.dll&apos;" date="2025-09-04T22:20:15.223" /><!-- duration: 0ms -->
          <step title="Copying file: &apos;Microsoft.Extensions.Identity.Core.dll&apos;" date="2025-09-04T22:20:15.238" /><!-- duration: 0ms -->
          <step title="Copying file: &apos;Microsoft.Extensions.Identity.Stores.dll&apos;" date="2025-09-04T22:20:15.238" /><!-- duration: 16ms -->
          <step title="Copying file: &apos;Microsoft.Extensions.Logging.Abstractions.dll&apos;" date="2025-09-04T22:20:15.254" /><!-- duration: 0ms -->
          <step title="Copying file: &apos;Microsoft.Extensions.Logging.dll&apos;" date="2025-09-04T22:20:15.254" /><!-- duration: 16ms -->
          <step title="Copying file: &apos;Microsoft.Extensions.Options.dll&apos;" date="2025-09-04T22:20:15.270" /><!-- duration: 0ms -->
          <step title="Copying file: &apos;Microsoft.Extensions.Primitives.dll&apos;" date="2025-09-04T22:20:15.285" /><!-- duration: 0ms -->
          <step title="Copying file: &apos;Mono.TextTemplating.dll&apos;" date="2025-09-04T22:20:15.285" /><!-- duration: 0ms -->
          <step title="Copying file: &apos;Npgsql.dll&apos;" date="2025-09-04T22:20:15.301" /><!-- duration: 0ms -->
          <step title="Copying file: &apos;Npgsql.EntityFrameworkCore.PostgreSQL.dll&apos;" date="2025-09-04T22:20:15.301" /><!-- duration: 0ms -->
          <step title="Omitting next output lines..." date="2025-09-04T22:20:15.317" /><!-- duration: 0ms -->
          <step title="Finished successfully." date="2025-09-04T22:20:18.714" /><!-- duration: 0ms -->
        </step><!-- duration: 4194ms -->
        <step title="Running post deployment command(s)..." date="2025-09-04T22:20:18.745" /><!-- duration: 16ms -->
        <step title="Triggering recycle (preview mode disabled)." date="2025-09-04T22:20:18.792" /><!-- duration: 0ms -->
        <step title="Ignoring FS watcher based recycle request as this is a classic Windows app." date="2025-09-04T22:20:18.792" /><!-- duration: 0ms -->
        <step title="Deployment successful. DEPLOYMENTINFO: deploymentPath = ZipDeploy. Extract zip. , deployer = ZipDeploy, os = windows, sku = Free, siteName = app-bl-pstn3hojje7gu, siteHostName = app-bl-pstn3hojje7gu.azurewebsites.net, deploymentStatus = Success" date="2025-09-04T22:20:18.839" /><!-- duration: 0ms -->
      </step><!-- duration: 4726ms -->
    </step><!-- duration: 4897ms -->
    <step title="Cleaning up temp files" date="2025-09-04T22:20:18.933" /><!-- duration: 0ms -->
    <step title="Skip function trigger and logicapp sync because function is not enabled." date="2025-09-04T22:20:18.948" /><!-- duration: 0ms -->
  </step><!-- duration: 6335ms -->
  <step title="LockFile &apos;C:\home\site\locks\deployments.lock&apos; released" date="2025-09-04T22:20:18.980" /><!-- duration: 0ms -->
  <step title="Deleting shutdown sentinel file" date="2025-09-04T22:20:18.995" SemaphoreCount="8" /><!-- duration: 0ms -->
</step><!-- duration: 6428ms -->
